,PERSON_ID,DISPLAY_LAST_COMMA_FIRST,DISPLAY_FIRST_LAST,ROSTERSTATUS,FROM_YEAR,TO_YEAR,PLAYERCODE,TEAM_ID,TEAM_CITY,TEAM_NAME,TEAM_ABBREVIATION,TEAM_CODE,GAMES_PLAYED_FLAG,SCREEN_NAME
0,203112,"Acy, Quincy",Quincy Acy,0,2012,2018,quincy_acy,0,,,,,Y,QuincyAcy
1,1629121,"Adams, Jaylen",Jaylen Adams,1,2018,2018,jaylen_adams,1610612737,Atlanta,Hawks,ATL,hawks,Y,jayyadamss5
2,203500,"Adams, Steven",Steven Adams,1,2013,2018,steven_adams,1610612760,Oklahoma City,Thunder,OKC,thunder,Y,RealStevenAdams
3,1628389,"Adebayo, Bam",Bam Adebayo,1,2017,2018,bam_adebayo,1610612748,Miami,Heat,MIA,heat,Y,Bam1of1
4,1629061,"Adel, Deng",Deng Adel,1,2018,2018,deng_adel,1610612739,Cleveland,Cavaliers,CLE,cavaliers,Y,Foreverdeng
5,1629152,"Akoon-Purcell, DeVaughn",DeVaughn Akoon-Purcell,0,2018,2018,devaughn_akoon-purcell,0,,,,,Y,dap44_
6,200746,"Aldridge, LaMarcus",LaMarcus Aldridge,1,2006,2018,lamarcus_aldridge,1610612759,San Antonio,Spurs,SAS,spurs,Y,aldridge_12
7,1628959,"Alkins, Rawle",Rawle Alkins,1,2018,2018,rawle_alkins,1610612741,Chicago,Bulls,CHI,bulls,Y,Iam_RawleAlkins
8,1628960,"Allen, Grayson",Grayson Allen,1,2018,2018,grayson_allen,1610612762,Utah,Jazz,UTA,jazz,Y,GraysonJAllen
9,1628386,"Allen, Jarrett",Jarrett Allen,1,2017,2018,jarrett_allen,1610612751,Brooklyn,Nets,BKN,nets,Y,_bigjayy_
10,1628443,"Allen, Kadeem",Kadeem Allen,1,2017,2018,kadeem_allen,1610612752,New York,Knicks,NYK,knicks,Y,AllenKadeem
11,202329,"Aminu, Al-Farouq",Al-Farouq Aminu,1,2010,2018,al-farouq_aminu,1610612757,Portland,Trail Blazers,POR,blazers,Y,farouq1
12,1626147,"Anderson, Justin",Justin Anderson,1,2015,2018,justin_anderson,1610612737,Atlanta,Hawks,ATL,hawks,Y,JusAnderson1
13,203937,"Anderson, Kyle",Kyle Anderson,1,2014,2018,kyle_anderson,1610612763,Memphis,Grizzlies,MEM,grizzlies,Y,KyleAnderson5
14,201583,"Anderson, Ryan",Ryan Anderson,1,2008,2018,ryan_anderson,1610612748,Miami,Heat,MIA,heat,Y,_ryananderson22
15,1628387,"Anigbogu, Ike",Ike Anigbogu,0,2017,2018,ike_anigbogu,0,,,,,Y,IkePostrs_
16,203507,"Antetokounmpo, Giannis",Giannis Antetokounmpo,1,2013,2018,giannis_antetokounmpo,1610612749,Milwaukee,Bucks,MIL,bucks,Y,Giannis_An34
17,1628961,"Antetokounmpo, Kostas",Kostas Antetokounmpo,1,2018,2018,kostas_antetokounmpo,1610612742,Dallas,Mavericks,DAL,mavericks,Y,Kostas_ante13
18,2546,"Anthony, Carmelo",Carmelo Anthony,0,2003,2018,carmelo_anthony,0,,,,,Y,carmeloanthony
19,1628384,"Anunoby, OG",OG Anunoby,1,2017,2018,og_anunoby,1610612761,Toronto,Raptors,TOR,raptors,Y,OAnunoby
20,1627853,"Arcidiacono, Ryan",Ryan Arcidiacono,1,2017,2018,ryan_arcidiacono,1610612741,Chicago,Bulls,CHI,bulls,Y,RyArch15
21,2772,"Ariza, Trevor",Trevor Ariza,1,2004,2018,trevor_ariza,1610612764,Washington,Wizards,WAS,wizards,Y,TrevorAriza
22,201571,"Augustin, D.J.",D.J. Augustin,1,2008,2018,d.j._augustin,1610612753,Orlando,Magic,ORL,magic,Y,DJAugustinStats
23,1629028,"Ayton, Deandre",Deandre Ayton,1,2018,2018,deandre_ayton,1610612756,Phoenix,Suns,PHX,suns,Y,DeandreAyton
24,1628407,"Bacon, Dwayne",Dwayne Bacon,1,2017,2018,dwayne_bacon,1610612766,Charlotte,Hornets,CHA,hornets,Y,BaconDwayne1000
25,1628963,"Bagley III, Marvin",Marvin Bagley III,1,2018,2018,marvin_bagley_iii,1610612758,Sacramento,Kings,SAC,kings,Y,MB3FIVE
26,1627758,"Baker, Ron",Ron Baker,0,2016,2018,ron_baker,0,,,,,Y,RonBaker31
27,1627735,"Baldwin IV, Wade",Wade Baldwin IV,0,2016,2018,wade_baldwin iv,0,,,,,Y,The_Fourth_Wade
28,1628366,"Ball, Lonzo",Lonzo Ball,1,2017,2018,lonzo_ball,1610612747,Los Angeles,Lakers,LAL,lakers,Y,ZO2_
29,1628964,"Bamba, Mo",Mo Bamba,1,2018,2018,mohamed_bamba,1610612753,Orlando,Magic,ORL,magic,Y,TheRealMoBamba
30,200826,"Barea, J.J.",J.J. Barea,1,2006,2018,j.j._barea,1610612742,Dallas,Mavericks,DAL,mavericks,Y,jjbareapr
31,203084,"Barnes, Harrison",Harrison Barnes,1,2012,2018,harrison_barnes,1610612758,Sacramento,Kings,SAC,kings,Y,hbarnes
32,203115,"Barton, Will",Will Barton,1,2012,2018,will_barton,1610612743,Denver,Nuggets,DEN,nuggets,Y,WillTheThrillB5
33,1628966,"Bates-Diop, Keita",Keita Bates-Diop,1,2018,2018,keita_bates-diop,1610612750,Minnesota,Timberwolves,MIN,timberwolves,Y,KBD_33
34,201587,"Batum, Nicolas",Nicolas Batum,1,2008,2018,nicolas_batum,1610612766,Charlotte,Hornets,CHA,hornets,Y,nicolas88batum
35,201573,"Bayless, Jerryd",Jerryd Bayless,1,2008,2018,jerryd_bayless,1610612750,Minnesota,Timberwolves,MIN,timberwolves,Y,jerrydbayless
36,203382,"Baynes, Aron",Aron Baynes,1,2012,2018,aron_baynes,1610612738,Boston,Celtics,BOS,celtics,Y,aronbaynes
37,203145,"Bazemore, Kent",Kent Bazemore,1,2012,2018,kent_bazemore,1610612737,Atlanta,Hawks,ATL,hawks,Y,24Bazemore
38,203078,"Beal, Bradley",Bradley Beal,1,2012,2018,bradley_beal,1610612764,Washington,Wizards,WAS,wizards,Y,RealDealBeal23
39,1627736,"Beasley, Malik",Malik Beasley,1,2016,2018,malik_beasley,1610612743,Denver,Nuggets,DEN,nuggets,Y,Mbeasy5
40,201563,"Beasley, Michael",Michael Beasley,0,2008,2018,michael_beasley,0,,,,,Y,Michael8easley
41,201158,"Belinelli, Marco",Marco Belinelli,1,2007,2018,marco_belinelli,1610612759,San Antonio,Spurs,SAS,spurs,Y,marcobelinelli
42,1628395,"Bell, Jordan",Jordan Bell,1,2017,2018,jordan_bell,1610612744,Golden State,Warriors,GSW,warriors,Y,1jordanbell
43,1627761,"Bembry, DeAndre'",DeAndre' Bembry,1,2016,2018,deandre'_bembry,1610612737,Atlanta,Hawks,ATL,hawks,Y,fearthefro95
44,1627733,"Bender, Dragan",Dragan Bender,1,2016,2018,dragan_bender,1610612756,Phoenix,Suns,PHX,suns,Y,DBender03
45,1629541,"Bertans, Dairis",Dairis Bertans,1,2018,2018,tmp_dairis_bertans,1610612740,New Orleans,Pelicans,NOP,pelicans,Y,DairisBertans
46,202722,"Bertans, Davis",Davis Bertans,1,2016,2018,davis_bertans,1610612759,San Antonio,Spurs,SAS,spurs,Y,DBertans_42
47,201976,"Beverley, Patrick",Patrick Beverley,1,2012,2018,patrick_beverley,1610612746,LA,Clippers,LAC,clippers,Y,patbev21
48,1629167,"Bibbs, Justin",Justin Bibbs,1,2018,2018,justin_bibbs,1610612746,LA,Clippers,LAC,clippers,N,JustinBibbs10
49,203920,"Birch, Khem",Khem Birch,1,2017,2018,khem_birch,1610612753,Orlando,Magic,ORL,magic,Y,Khem_Birch
50,202687,"Biyombo, Bismack",Bismack Biyombo,1,2011,2018,bismack_biyombo,1610612766,Charlotte,Hornets,CHA,hornets,Y,bismackbiyombo
51,202357,"Bjelica, Nemanja",Nemanja Bjelica,1,2015,2018,nemanja_bjelica,1610612758,Sacramento,Kings,SAC,kings,Y,NemanjaBjelica
52,1628469,"Blakeney, Antonio",Antonio Blakeney,1,2017,2018,antonio_blakeney,1610612741,Chicago,Bulls,CHI,bulls,Y,blakeney96
53,202339,"Bledsoe, Eric",Eric Bledsoe,1,2010,2018,eric_bledsoe,1610612749,Milwaukee,Bucks,MIL,bucks,Y,EBled2
54,1628417,"Blossomgame, Jaron",Jaron Blossomgame,1,2018,2018,jaron_blossomgame,1610612739,Cleveland,Cavaliers,CLE,cavaliers,Y,JaronBgame
55,1629129,"Bluiett, Trevon",Trevon Bluiett,1,2018,2018,trevon_bluiett,1610612740,New Orleans,Pelicans,NOP,pelicans,Y,TrevonBluiett
56,203992,"Bogdanovic, Bogdan",Bogdan Bogdanovic,1,2017,2018,bogdan_bogdanovic,1610612758,Sacramento,Kings,SAC,kings,Y,LeaderOfHorde
57,202711,"Bogdanovic, Bojan",Bojan Bogdanovic,1,2014,2018,bojan_bogdanovic,1610612754,Indiana,Pacers,IND,pacers,Y,44Bojan
58,101106,"Bogut, Andrew",Andrew Bogut,1,2005,2018,andrew_bogut,1610612744,Golden State,Warriors,GSW,warriors,Y,andrewbogut
59,1628413,"Bolden, Jonah",Jonah Bolden,1,2018,2018,jonah_bolden,1610612755,Philadelphia,76ers,PHI,sixers,Y,Jonahbolden43
60,1629067,"Bonga, Isaac",Isaac Bonga,1,2018,2018,isaac_bonga,1610612747,Los Angeles,Lakers,LAL,lakers,Y,isaacbonga
61,1626164,"Booker, Devin",Devin Booker,1,2015,2018,devin_booker,1610612756,Phoenix,Suns,PHX,suns,Y,DevinBook
62,1628449,"Boucher, Chris",Chris Boucher,1,2017,2018,chris_boucher,1610612761,Toronto,Raptors,TOR,raptors,Y,chris_boucher02
63,202340,"Bradley, Avery",Avery Bradley,1,2010,2018,avery_bradley,1610612763,Memphis,Grizzlies,MEM,grizzlies,Y,Avery0Bradley
64,1628396,"Bradley, Tony",Tony Bradley,1,2017,2018,tony_bradley,1610612762,Utah,Jazz,UTA,jazz,Y,ToBrad1
65,201147,"Brewer, Corey",Corey Brewer,1,2007,2018,corey_brewer,1610612758,Sacramento,Kings,SAC,kings,Y,TheCoreyBrewer
66,1628969,"Bridges, Mikal",Mikal Bridges,1,2018,2018,mikal_bridges,1610612756,Phoenix,Suns,PHX,suns,Y,mikal_bridges
67,1628970,"Bridges, Miles",Miles Bridges,1,2018,2018,miles_bridges,1610612766,Charlotte,Hornets,CHA,hornets,Y,MilesBridges
68,1628515,"Briscoe, Isaiah",Isaiah Briscoe,1,2018,2018,isaiah_briscoe,1610612753,Orlando,Magic,ORL,magic,Y,ZayBriscoe
69,1629151,"Broekhoff, Ryan",Ryan Broekhoff,1,2018,2018,ryan_broekhoff,1610612742,Dallas,Mavericks,DAL,mavericks,Y,RBroekhoff45
70,1627763,"Brogdon, Malcolm",Malcolm Brogdon,1,2016,2018,malcolm_brogdon,1610612749,Milwaukee,Bucks,MIL,bucks,Y,MalcolmMBrogdon
71,1628415,"Brooks, Dillon",Dillon Brooks,1,2017,2018,dillon_brooks,1610612763,Memphis,Grizzlies,MEM,grizzlies,Y,dillonbrooks24
72,202705,"Brooks, MarShon",MarShon Brooks,0,2011,2018,marshon_brooks,0,,,,,Y,Marshon2
73,1628971,"Brown, Bruce",Bruce Brown,1,2018,2018,tmp_bruce_brown,1610612765,Detroit,Pistons,DET,pistons,Y,BruceBrown11
74,1627759,"Brown, Jaylen",Jaylen Brown,1,2016,2018,jaylen_brown,1610612738,Boston,Celtics,BOS,celtics,Y,FCHWPO
75,203485,"Brown, Lorenzo",Lorenzo Brown,0,2013,2018,lorenzo_brown,0,,,,,Y,Zo_Brown
76,1628425,"Brown, Sterling",Sterling Brown,1,2017,2018,sterling_brown,1610612749,Milwaukee,Bucks,MIL,bucks,Y,SterlingKBrown
77,1628972,"Brown Jr., Troy",Troy Brown Jr.,1,2018,2018,troy_brown_jr,1610612764,Washington,Wizards,WAS,wizards,Y,Troy_Brown33
78,1628973,"Brunson, Jalen",Jalen Brunson,1,2018,2018,jalen_brunson,1610612742,Dallas,Mavericks,DAL,mavericks,Y,jalenbrunson1
79,1628418,"Bryant, Thomas",Thomas Bryant,1,2017,2018,thomas_bryant,1610612764,Washington,Wizards,WAS,wizards,Y,nolimittb31
80,203493,"Bullock, Reggie",Reggie Bullock,1,2013,2018,reggie_bullock,1610612747,Los Angeles,Lakers,LAL,lakers,Y,ReggieBullock35
81,203504,"Burke, Trey",Trey Burke,1,2013,2018,trey_burke,1610612742,Dallas,Mavericks,DAL,mavericks,Y,TreyBurke
82,202692,"Burks, Alec",Alec Burks,1,2011,2018,alec_burks,1610612758,Sacramento,Kings,SAC,kings,Y,AlecBurks10
83,1629126,"Burton, Deonte",Deonte Burton,1,2018,2018,deonte_burton,1610612760,Oklahoma City,Thunder,OKC,thunder,Y,DeonteBurton
84,202710,"Butler, Jimmy",Jimmy Butler,1,2011,2018,jimmy_butler,1610612755,Philadelphia,76ers,PHI,sixers,Y,JimmyButler
85,203998,"Caboclo, Bruno",Bruno Caboclo,1,2014,2018,bruno_caboclo,1610612763,Memphis,Grizzlies,MEM,grizzlies,Y,Bruno_Caboclo
86,101181,"Calderon, Jose",Jose Calderon,1,2005,2018,jose_calderon,1610612765,Detroit,Pistons,DET,pistons,Y,JmCalderon
87,203484,"Caldwell-Pope, Kentavious",Kentavious Caldwell-Pope,1,2013,2018,kentavious_caldwell-pope,1610612747,Los Angeles,Lakers,LAL,lakers,Y,CaldwellPope
88,203477,"Canaan, Isaiah",Isaiah Canaan,0,2013,2018,isaiah_canaan,0,,,,,Y,SiP03
89,203991,"Capela, Clint",Clint Capela,1,2014,2018,clint_capela,1610612745,Houston,Rockets,HOU,rockets,Y,CapelaClint
90,201960,"Carroll, DeMarre",DeMarre Carroll,1,2009,2018,demarre_carroll,1610612751,Brooklyn,Nets,BKN,nets,Y,DeMarreCarroll1
91,1628975,"Carter, Jevon",Jevon Carter,1,2018,2018,jevon_carter,1610612763,Memphis,Grizzlies,MEM,grizzlies,Y,nextlevel_03
92,1713,"Carter, Vince",Vince Carter,1,1998,2018,vince_carter,1610612737,Atlanta,Hawks,ATL,hawks,Y,mrvincecarter15
93,1628976,"Carter Jr., Wendell",Wendell Carter Jr.,1,2018,2018,wendell_carter_jr,1610612741,Chicago,Bulls,CHI,bulls,Y,wendellcarter34
94,203487,"Carter-Williams, Michael",Michael Carter-Williams,1,2013,2018,michael_carter-williams,1610612753,Orlando,Magic,ORL,magic,Y,MCW1
95,1627936,"Caruso, Alex",Alex Caruso,1,2017,2018,alex_caruso,1610612747,Los Angeles,Lakers,LAL,lakers,Y,ACFresh21
96,201956,"Casspi, Omri",Omri Casspi,0,2009,2018,omri_casspi,0,,,,,Y,Casspi18
97,1626161,"Cauley-Stein, Willie",Willie Cauley-Stein,1,2015,2018,willie_cauley-stein,1610612758,Sacramento,Kings,SAC,kings,Y,THEwillieCS15
98,1628505,"Caupain, Troy",Troy Caupain,1,2018,2018,troy_caupain,1610612753,Orlando,Magic,ORL,magic,Y,caupain10
99,1628463,"Cavanaugh, Tyler",Tyler Cavanaugh,1,2017,2018,tyler_cavanaugh,1610612762,Utah,Jazz,UTA,jazz,Y,tycav34
100,2199,"Chandler, Tyson",Tyson Chandler,1,2001,2018,tyson_chandler,1610612747,Los Angeles,Lakers,LAL,lakers,Y,tysonchandler
101,201163,"Chandler, Wilson",Wilson Chandler,1,2007,2018,wilson_chandler,1610612746,LA,Clippers,LAC,clippers,Y,wilsonchandler
102,1629147,"Chealey, Joe",Joe Chealey,1,2018,2018,joe_chealey,1610612766,Charlotte,Hornets,CHA,hornets,Y,joe_chealey
103,1627737,"Chriss, Marquese",Marquese Chriss,1,2016,2018,marquese_chriss,1610612739,Cleveland,Cavaliers,CLE,cavaliers,Y,quese
104,1629109,"Clark, Gary",Gary Clark,1,2018,2018,gary_clark,1610612745,Houston,Rockets,HOU,rockets,Y,Gary11_Clark
105,203546,"Clark, Ian",Ian Clark,1,2013,2018,ian_clark,1610612740,New Orleans,Pelicans,NOP,pelicans,Y,IanClark
106,203903,"Clarkson, Jordan",Jordan Clarkson,1,2014,2018,jordan_clarkson,1610612739,Cleveland,Cavaliers,CLE,cavaliers,Y,JordanClarksons
107,1628381,"Collins, John",John Collins,1,2017,2018,john_collins,1610612737,Atlanta,Hawks,ATL,hawks,Y,jcollins20_
108,1628380,"Collins, Zach",Zach Collins,1,2017,2018,zach_collins,1610612757,Portland,Trail Blazers,POR,blazers,Y,zcollins_33
109,201954,"Collison, Darren",Darren Collison,1,2009,2018,darren_collison,1610612754,Indiana,Pacers,IND,pacers,Y,Darren_Collison
110,1629045,"Colson, Bonzie",Bonzie Colson,1,2018,2018,bonzie_colson,1610612749,Milwaukee,Bucks,MIL,bucks,Y,Bcolson_35
111,201144,"Conley, Mike",Mike Conley,1,2007,2018,mike_conley,1610612763,Memphis,Grizzlies,MEM,grizzlies,Y,mconley11
112,1626192,"Connaughton, Pat",Pat Connaughton,1,2015,2018,pat_connaughton,1610612749,Milwaukee,Bucks,MIL,bucks,Y,PlanetPat5
113,1626188,"Cook, Quinn",Quinn Cook,1,2016,2018,quinn_cook,1610612744,Golden State,Warriors,GSW,warriors,Y,QCook323
114,1628429,"Cooke, Charles",Charles Cooke,1,2017,2018,charles_cooke,1610612748,Miami,Heat,MIA,heat,Y,charlescwcooke
115,202326,"Cousins, DeMarcus",DeMarcus Cousins,1,2010,2018,demarcus_cousins,1610612744,Golden State,Warriors,GSW,warriors,Y,boogiecousins
116,203496,"Covington, Robert",Robert Covington,1,2013,2018,robert_covington,1610612750,Minnesota,Timberwolves,MIN,timberwolves,Y,Holla_At_Rob33
117,203459,"Crabbe, Allen",Allen Crabbe,1,2013,2018,allen_crabbe,1610612751,Brooklyn,Nets,BKN,nets,Y,allencrabbe
118,1628470,"Craig, Torrey",Torrey Craig,1,2017,2018,torrey_craig,1610612743,Denver,Nuggets,DEN,nuggets,Y,TCraig_23
119,2037,"Crawford, Jamal",Jamal Crawford,1,2000,2018,jamal_crawford,1610612756,Phoenix,Suns,PHX,suns,Y,JCrossover
120,1628249,"Creek, Mitchell",Mitchell Creek,0,2018,2018,mitchell_creek,0,,,,,Y,ARFtweets
121,203109,"Crowder, Jae",Jae Crowder,1,2012,2018,jae_crowder,1610612762,Utah,Jazz,UTA,jazz,Y,CJC9BOSS
122,201967,"Cunningham, Dante",Dante Cunningham,1,2009,2018,dante_cunningham,1610612759,San Antonio,Spurs,SAS,spurs,Y,LaDanteC
123,203552,"Curry, Seth",Seth Curry,1,2013,2018,seth_curry,1610612757,Portland,Trail Blazers,POR,blazers,Y,sdotcurry
124,201939,"Curry, Stephen",Stephen Curry,1,2009,2018,stephen_curry,1610612744,Golden State,Warriors,GSW,warriors,Y,StephenCurry30
125,203584,"Daniels, Troy",Troy Daniels,1,2013,2018,troy_daniels,1610612756,Phoenix,Suns,PHX,suns,Y,troydaniels
126,203076,"Davis, Anthony",Anthony Davis,1,2012,2018,anthony_davis,1610612740,New Orleans,Pelicans,NOP,pelicans,Y,AntDavis23
127,1627738,"Davis, Deyonta",Deyonta Davis,1,2016,2018,deyonta_davis,1610612737,Atlanta,Hawks,ATL,hawks,Y,Deyonta_Davis21
128,202334,"Davis, Ed",Ed Davis,1,2010,2018,ed_davis,1610612751,Brooklyn,Nets,BKN,nets,Y,eddavisXVII
129,1629093,"Davis, Tyler",Tyler Davis,0,2018,2018,tyler_davis,0,,,,,Y,BonnieTOfficial
130,201942,"DeRozan, DeMar",DeMar DeRozan,1,2009,2018,demar_derozan,1610612759,San Antonio,Spurs,SAS,spurs,Y,DeMar_DeRozan
131,203473,"Dedmon, Dewayne",Dewayne Dedmon,1,2013,2018,dewayne_dedmon,1610612737,Atlanta,Hawks,ATL,hawks,Y,d_dedmon3
132,1626155,"Dekker, Sam",Sam Dekker,1,2015,2018,sam_dekker,1610612764,Washington,Wizards,WAS,wizards,Y,dekker
133,1629116,"Delgado, Angel",Angel Delgado,1,2018,2018,angel_delgado,1610612746,LA,Clippers,LAC,clippers,Y,AngelDelgado
134,203521,"Dellavedova, Matthew",Matthew Dellavedova,1,2013,2018,matthew_dellavedova,1610612739,Cleveland,Cavaliers,CLE,cavaliers,Y,matthewdelly
135,2736,"Deng, Luol",Luol Deng,1,2004,2018,luol_deng,1610612750,Minnesota,Timberwolves,MIN,timberwolves,Y,LuolDeng9
136,1629094,"Derrickson, Marcus",Marcus Derrickson,1,2018,2018,marcus_derrickson,1610612744,Golden State,Warriors,GSW,warriors,Y,Marc_So_Fresh
137,1628978,"DiVincenzo, Donte",Donte DiVincenzo,1,2018,2018,donte_divincenzo,1610612749,Milwaukee,Bucks,MIL,bucks,Y,rindysays
138,1627767,"Diallo, Cheick",Cheick Diallo,1,2016,2018,cheick_diallo,1610612740,New Orleans,Pelicans,NOP,pelicans,Y,cheick_diallo13
139,1628977,"Diallo, Hamidou",Hamidou Diallo,1,2018,2018,hamidou_diallo,1610612760,Oklahoma City,Thunder,OKC,thunder,Y,hamidoudiallo
140,203476,"Dieng, Gorgui",Gorgui Dieng,1,2013,2018,gorgui_dieng,1610612750,Minnesota,Timberwolves,MIN,timberwolves,Y,GorguiDieng
141,203915,"Dinwiddie, Spencer",Spencer Dinwiddie,1,2014,2018,spencer_dinwiddie,1610612751,Brooklyn,Nets,BKN,nets,Y,SDinwiddie_25
142,1629029,"Doncic, Luka",Luka Doncic,1,2018,2018,luka_don,1610612742,Dallas,Mavericks,DAL,mavericks,Y,luka7doncic
143,1628416,"Dorsey, Tyler",Tyler Dorsey,1,2017,2018,tyler_dorsey,1610612763,Memphis,Grizzlies,MEM,grizzlies,Y,TDORSEY_1
144,1628422,"Dotson, Damyean",Damyean Dotson,1,2017,2018,damyean_dotson,1610612752,New York,Knicks,NYK,knicks,Y,wholeteamDot
145,1628408,"Dozier, PJ",PJ Dozier,1,2017,2018,pj_dozier,1610612738,Boston,Celtics,BOS,celtics,Y,Dozier_Kid
146,201609,"Dragic, Goran",Goran Dragic,1,2008,2018,goran_dragic,1610612748,Miami,Heat,MIA,heat,Y,Goran_Dragic
147,203083,"Drummond, Andre",Andre Drummond,1,2012,2018,andre_drummond,1610612765,Detroit,Pistons,DET,pistons,Y,AndreDrummond
148,201162,"Dudley, Jared",Jared Dudley,1,2007,2018,jared_dudley,1610612751,Brooklyn,Nets,BKN,nets,Y,JaredDudley619
149,1627739,"Dunn, Kris",Kris Dunn,1,2016,2018,kris_dunn,1610612741,Chicago,Bulls,CHI,bulls,Y,KrisDunn3
150,201142,"Durant, Kevin",Kevin Durant,1,2007,2018,kevin_durant,1610612744,Golden State,Warriors,GSW,warriors,Y,KDTrey5
151,1628979,"Duval, Trevon",Trevon Duval,1,2018,2018,trevon_duval,1610612749,Milwaukee,Bucks,MIL,bucks,Y,josequavo904
152,1629053,"Edwards, Vincent",Vincent Edwards,1,2018,2018,vincent_edwards,1610612745,Houston,Rockets,HOU,rockets,Y,_evlewt
153,1627740,"Ellenson, Henry",Henry Ellenson,1,2016,2018,henry_ellenson,1610612752,New York,Knicks,NYK,knicks,Y,HenryEllenson13
154,201961,"Ellington, Wayne",Wayne Ellington,1,2009,2018,wayne_ellington,1610612765,Detroit,Pistons,DET,pistons,Y,WayneElli22
155,203954,"Embiid, Joel",Joel Embiid,1,2014,2018,joel_embiid,1610612755,Philadelphia,76ers,PHI,sixers,Y,JoelEmbiid
156,203516,"Ennis III, James",James Ennis III,1,2014,2018,james_ennis iii,1610612755,Philadelphia,76ers,PHI,sixers,Y,JamesDa_Truth
157,1629234,"Eubanks, Drew",Drew Eubanks,1,2018,2018,drew_eubanks,1610612759,San Antonio,Spurs,SAS,spurs,Y,DrewEubanks12
158,1628980,"Evans, Jacob",Jacob Evans,1,2018,2018,jacob_evans,1610612744,Golden State,Warriors,GSW,warriors,Y,JacobEvans_1
159,1628393,"Evans, Jawun",Jawun Evans,1,2017,2018,jawun_evans,1610612756,Phoenix,Suns,PHX,suns,Y,j3vans1_
160,201936,"Evans, Tyreke",Tyreke Evans,1,2009,2018,tyreke_evans,1610612754,Indiana,Pacers,IND,pacers,Y,TyrekeEvans
161,203957,"Exum, Dante",Dante Exum,1,2014,2018,dante_exum,1610612762,Utah,Jazz,UTA,jazz,Y,daanteee
162,202702,"Faried, Kenneth",Kenneth Faried,1,2011,2018,kenneth_faried,1610612745,Houston,Rockets,HOU,rockets,Y,KennethFaried35
163,202324,"Favors, Derrick",Derrick Favors,1,2010,2018,derrick_favors,1610612762,Utah,Jazz,UTA,jazz,Y,dfavors14
164,1626245,"Felicio, Cristiano",Cristiano Felicio,1,2015,2018,cristiano_felicio,1610612741,Chicago,Bulls,CHI,bulls,Y,arlemlima
165,101109,"Felton, Raymond",Raymond Felton,1,2005,2018,raymond_felton,1610612760,Oklahoma City,Thunder,OKC,thunder,Y,RFeltonGBMS
166,1628390,"Ferguson, Terrance",Terrance Ferguson,1,2017,2018,terrance_ferguson,1610612760,Oklahoma City,Thunder,OKC,thunder,Y,The2KFerguson_
167,1627812,"Ferrell, Yogi",Yogi Ferrell,1,2016,2018,yogi_ferrell,1610612758,Sacramento,Kings,SAC,kings,Y,YogiFerrell11
168,1627827,"Finney-Smith, Dorian",Dorian Finney-Smith,1,2016,2018,dorian_finney-smith,1610612742,Dallas,Mavericks,DAL,mavericks,Y,doefinney_10
169,1627854,"Forbes, Bryn",Bryn Forbes,1,2016,2018,bryn_forbes,1610612759,San Antonio,Spurs,SAS,spurs,Y,BrynjForbes
170,203095,"Fournier, Evan",Evan Fournier,1,2012,2018,evan_fournier,1610612753,Orlando,Magic,ORL,magic,Y,EvanFourmizz
171,1628368,"Fox, De'Aaron",De'Aaron Fox,1,2017,2018,de'aaron_fox,1610612758,Sacramento,Kings,SAC,kings,Y,swipathefox
172,204025,"Frazier, Tim",Tim Frazier,1,2014,2018,tim_frazier,1610612749,Milwaukee,Bucks,MIL,bucks,Y,Timfraz23
173,1628982,"Frazier Jr., Melvin",Melvin Frazier Jr.,1,2018,2018,melvin_frazier_jr,1610612753,Orlando,Magic,ORL,magic,Y,
174,101112,"Frye, Channing",Channing Frye,1,2005,2018,channing_frye,1610612739,Cleveland,Cavaliers,CLE,cavaliers,Y,Channing_Frye
175,1628365,"Fultz, Markelle",Markelle Fultz,1,2017,2018,markelle_fultz,1610612753,Orlando,Magic,ORL,magic,Y,MarkelleF
176,1629117,"Gabriel, Wenyen",Wenyen Gabriel,1,2018,2018,wenyen_gabriel,1610612758,Sacramento,Kings,SAC,kings,Y,WenyenGabriel
177,201568,"Gallinari, Danilo",Danilo Gallinari,1,2008,2018,danilo_gallinari,1610612746,LA,Clippers,LAC,clippers,Y,gallinari8888
178,204038,"Galloway, Langston",Langston Galloway,1,2014,2018,langston_galloway,1610612765,Detroit,Pistons,DET,pistons,Y,LangGalloway10
179,201188,"Gasol, Marc",Marc Gasol,1,2008,2018,marc_gasol,1610612761,Toronto,Raptors,TOR,raptors,Y,MarcGasol
180,2200,"Gasol, Pau",Pau Gasol,1,2001,2018,pau_gasol,1610612749,Milwaukee,Bucks,MIL,bucks,Y,paugasol
181,200752,"Gay, Rudy",Rudy Gay,1,2006,2018,rudy_gay,1610612759,San Antonio,Spurs,SAS,spurs,Y,RudyGay
182,202331,"George, Paul",Paul George,1,2010,2018,paul_george,1610612760,Oklahoma City,Thunder,OKC,thunder,Y,Yg_Trece
183,201959,"Gibson, Taj",Taj Gibson,1,2009,2018,taj_gibson,1610612750,Minnesota,Timberwolves,MIN,timberwolves,Y,TajGibson22
184,1628385,"Giles III, Harry",Harry Giles III,1,2017,2018,harry_giles,1610612758,Sacramento,Kings,SAC,kings,Y,HGiiizzle
185,1628983,"Gilgeous-Alexander, Shai",Shai Gilgeous-Alexander,1,2018,2018,shai_gilgeous-alexander,1610612746,LA,Clippers,LAC,clippers,Y,shaiglalex
186,203497,"Gobert, Rudy",Rudy Gobert,1,2013,2018,rudy_gobert,1610612762,Utah,Jazz,UTA,jazz,Y,rudygobert27
187,1629164,"Goodwin, Brandon",Brandon Goodwin,1,2018,2018,brandon_goodwin,1610612743,Denver,Nuggets,DEN,nuggets,Y,goodysav
188,203932,"Gordon, Aaron",Aaron Gordon,1,2014,2018,aaron_gordon,1610612753,Orlando,Magic,ORL,magic,Y,Double0AG
189,201569,"Gordon, Eric",Eric Gordon,1,2008,2018,eric_gordon,1610612745,Houston,Rockets,HOU,rockets,Y,TheofficialEG10
190,101162,"Gortat, Marcin",Marcin Gortat,0,2007,2018,marcin_gortat,0,,,,,Y,MGortat
191,1628984,"Graham, Devonte'",Devonte' Graham,1,2018,2018,devonte_graham,1610612766,Charlotte,Hornets,CHA,hornets,Y,Devonte4Graham
192,1626203,"Graham, Treveon",Treveon Graham,1,2016,2018,treveon_graham,1610612751,Brooklyn,Nets,BKN,nets,Y,TreBall21
193,203924,"Grant, Jerami",Jerami Grant,1,2014,2018,jerami_grant,1610612760,Oklahoma City,Thunder,OKC,thunder,Y,JeramiGrant
194,1626170,"Grant, Jerian",Jerian Grant,1,2015,2018,jerian_grant,1610612753,Orlando,Magic,ORL,magic,Y,JerianGrant
195,1629055,"Grantham, Donte",Donte Grantham,1,2018,2018,donte_grantham,1610612760,Oklahoma City,Thunder,OKC,thunder,Y,DonteGrantham32
196,201980,"Green, Danny",Danny Green,1,2009,2018,danny_green,1610612761,Toronto,Raptors,TOR,raptors,Y,DGreen_14
197,203110,"Green, Draymond",Draymond Green,1,2012,2018,draymond_green,1610612744,Golden State,Warriors,GSW,warriors,Y,Money23Green
198,101123,"Green, Gerald",Gerald Green,1,2005,2018,gerald_green,1610612745,Houston,Rockets,HOU,rockets,Y,NATSEC09
199,203210,"Green, JaMychal",JaMychal Green,1,2014,2018,jamychal_green,1610612746,LA,Clippers,LAC,clippers,Y,Jmyke1
200,201145,"Green, Jeff",Jeff Green,1,2007,2018,jeff_green,1610612764,Washington,Wizards,WAS,wizards,Y,unclejeffgreen
201,201933,"Griffin, Blake",Blake Griffin,1,2009,2018,blake_griffin,1610612765,Detroit,Pistons,DET,pistons,Y,blakegriffin23
202,1627772,"Hamilton, Daniel",Daniel Hamilton,0,2017,2018,daniel_hamilton,0,,,,,Y,DanSHamilton
203,203501,"Hardaway Jr., Tim",Tim Hardaway Jr.,1,2013,2018,tim_hardaway jr.,1610612742,Dallas,Mavericks,DAL,mavericks,Y,T_HardJR
204,201935,"Harden, James",James Harden,1,2009,2018,james_harden,1610612745,Houston,Rockets,HOU,rockets,Y,JHarden13
205,203090,"Harkless, Maurice",Maurice Harkless,1,2012,2018,maurice_harkless,1610612757,Portland,Trail Blazers,POR,blazers,Y,moe_harkless
206,1626149,"Harrell, Montrezl",Montrezl Harrell,1,2015,2018,montrezl_harrell,1610612746,LA,Clippers,LAC,clippers,Y,MONSTATREZZ
207,2734,"Harris, Devin",Devin Harris,1,2004,2018,devin_harris,1610612742,Dallas,Mavericks,DAL,mavericks,Y,Dev34Harris
208,203914,"Harris, Gary",Gary Harris,1,2014,2018,gary_harris,1610612743,Denver,Nuggets,DEN,nuggets,Y,thats_G_
209,203925,"Harris, Joe",Joe Harris,1,2014,2018,joe_harris,1610612751,Brooklyn,Nets,BKN,nets,Y,RepAndyHarrisMD
210,202699,"Harris, Tobias",Tobias Harris,1,2011,2018,tobias_harris,1610612755,Philadelphia,76ers,PHI,sixers,Y,tobias31
211,1626150,"Harrison, Andrew",Andrew Harrison,0,2016,2018,andrew_harrison,0,,,,,Y,DrewRoc5
212,1627885,"Harrison, Shaquille",Shaquille Harrison,1,2017,2018,shaquille_harrison,1610612741,Chicago,Bulls,CHI,bulls,Y,ShaqHarrison_3
213,1628404,"Hart, Josh",Josh Hart,1,2017,2018,josh_hart,1610612747,Los Angeles,Lakers,LAL,lakers,Y,joshhart
214,1628392,"Hartenstein, Isaiah",Isaiah Hartenstein,1,2018,2018,isaiah_hartenstein,1610612745,Houston,Rockets,HOU,rockets,Y,Ipjh55
215,2617,"Haslem, Udonis",Udonis Haslem,1,2003,2018,udonis_haslem,1610612748,Miami,Heat,MIA,heat,Y,ThisIsUD
216,202330,"Hayward, Gordon",Gordon Hayward,1,2010,2018,gordon_hayward,1610612738,Boston,Celtics,BOS,celtics,Y,gordonhayward
217,203089,"Henson, John",John Henson,1,2012,2018,john_henson,1610612739,Cleveland,Cavaliers,CLE,cavaliers,Y,Johnhenson31
218,1627823,"Hernangomez, Juancho",Juancho Hernangomez,1,2016,2018,juan_hernangomez,1610612743,Denver,Nuggets,DEN,nuggets,Y,juanchohg14
219,1626195,"Hernangomez, Willy",Willy Hernangomez,1,2016,2018,willy_hernangomez,1610612766,Charlotte,Hornets,CHA,hornets,Y,willyhg94
220,1626209,"Hezonja, Mario",Mario Hezonja,1,2015,2018,mario_hezonja,1610612752,New York,Knicks,NYK,knicks,Y,mariohezonja
221,1628439,"Hicks, Isaiah",Isaiah Hicks,1,2017,2018,isaiah_hicks,1610612752,New York,Knicks,NYK,knicks,Y,IDHicks
222,1627741,"Hield, Buddy",Buddy Hield,1,2016,2018,buddy_hield,1610612758,Sacramento,Kings,SAC,kings,Y,buddyhield
223,1629312,"Highsmith, Haywood",Haywood Highsmith,1,2018,2018,haywood_highsmith,1610612755,Philadelphia,76ers,PHI,sixers,Y,
224,2403,Nene,Nene,1,2002,2018,nene_hilario,1610612745,Houston,Rockets,HOU,rockets,Y,NeNeLeakes
225,201588,"Hill, George",George Hill,1,2008,2018,george_hill,1610612749,Milwaukee,Bucks,MIL,bucks,Y,George_Hill3
226,203524,"Hill, Solomon",Solomon Hill,1,2013,2018,solomon_hill,1610612740,New Orleans,Pelicans,NOP,pelicans,Y,solohill
227,1628988,"Holiday, Aaron",Aaron Holiday,1,2018,2018,aaron_holiday,1610612754,Indiana,Pacers,IND,pacers,Y,The_4th_Holiday
228,201950,"Holiday, Jrue",Jrue Holiday,1,2009,2018,jrue_holiday,1610612740,New Orleans,Pelicans,NOP,pelicans,Y,Jrue_Holiday11
229,203200,"Holiday, Justin",Justin Holiday,1,2012,2018,justin_holiday,1610612763,Memphis,Grizzlies,MEM,grizzlies,Y,JustHolla7
230,204066,"Holland, John",John Holland,0,2015,2018,john_holland,0,,,,,Y,Jholland_23
231,1626178,"Hollis-Jefferson, Rondae",Rondae Hollis-Jefferson,1,2015,2018,rondae_hollis-jefferson,1610612751,Brooklyn,Nets,BKN,nets,Y,IAmCHAP24
232,1626158,"Holmes, Richaun",Richaun Holmes,1,2015,2018,richaun_holmes,1610612756,Phoenix,Suns,PHX,suns,Y,Rich_Holmes22
233,203918,"Hood, Rodney",Rodney Hood,1,2014,2018,rodney_hood,1610612757,Portland,Trail Blazers,POR,blazers,Y,rodneyhood
234,201143,"Horford, Al",Al Horford,1,2007,2018,al_horford,1610612738,Boston,Celtics,BOS,celtics,Y,Al_Horford
235,1627863,"House Jr., Danuel",Danuel House Jr.,1,2016,2018,danuel_house,1610612745,Houston,Rockets,HOU,rockets,Y,DanuelHouseJr
236,2730,"Howard, Dwight",Dwight Howard,1,2004,2018,dwight_howard,1610612764,Washington,Wizards,WAS,wizards,Y,DwightHoward
237,1628989,"Huerter, Kevin",Kevin Huerter,1,2018,2018,kevin_huerter,1610612737,Atlanta,Hawks,ATL,hawks,Y,KevinHuerter
238,1626154,"Hunter, RJ",RJ Hunter,1,2015,2018,rj_hunter,1610612738,Boston,Celtics,BOS,celtics,Y,harrylylesjr
239,1628990,"Hutchison, Chandler",Chandler Hutchison,1,2018,2018,chandler_hutchison,1610612741,Chicago,Bulls,CHI,bulls,Y,CmoHutchison
240,201586,"Ibaka, Serge",Serge Ibaka,1,2009,2018,serge_ibaka,1610612761,Toronto,Raptors,TOR,raptors,Y,sergeibaka
241,2738,"Iguodala, Andre",Andre Iguodala,1,2004,2018,andre_iguodala,1610612744,Golden State,Warriors,GSW,warriors,Y,andre
242,101141,"Ilyasova, Ersan",Ersan Ilyasova,1,2006,2018,ersan_ilyasova,1610612749,Milwaukee,Bucks,MIL,bucks,Y,erSova7
243,204060,"Ingles, Joe",Joe Ingles,1,2014,2018,joe_ingles,1610612762,Utah,Jazz,UTA,jazz,Y,Joeingles7
244,201281,"Ingram, Andre",Andre Ingram,0,2017,2018,andre_ingram,0,,,,,Y,AndreIngram_20
245,1627742,"Ingram, Brandon",Brandon Ingram,1,2016,2018,brandon_ingram,1610612747,Los Angeles,Lakers,LAL,lakers,Y,B_Ingram13
246,202681,"Irving, Kyrie",Kyrie Irving,1,2011,2018,kyrie_irving,1610612738,Boston,Celtics,BOS,celtics,Y,KyrieIrving
247,1628371,"Isaac, Jonathan",Jonathan Isaac,1,2017,2018,jonathan_isaac,1610612753,Orlando,Magic,ORL,magic,Y,jisaac_01
248,1628411,"Iwundu, Wes",Wes Iwundu,1,2017,2018,wes_iwundu,1610612753,Orlando,Magic,ORL,magic,Y,_Iwundu25
249,1627743,"Jackson, Demetrius",Demetrius Jackson,0,2016,2018,demetrius_jackson,0,,,,,Y,D_Jay11
250,1628402,"Jackson, Frank",Frank Jackson,1,2017,2018,frank_jackson,1610612740,New Orleans,Pelicans,NOP,pelicans,Y,FWJackson15
251,1628367,"Jackson, Josh",Josh Jackson,1,2017,2018,josh_jackson,1610612756,Phoenix,Suns,PHX,suns,Y,j_josh11
252,1628382,"Jackson, Justin",Justin Jackson,1,2017,2018,justin_jackson,1610612742,Dallas,Mavericks,DAL,mavericks,Y,JJacks_44
253,202704,"Jackson, Reggie",Reggie Jackson,1,2011,2018,reggie_jackson,1610612765,Detroit,Pistons,DET,pistons,Y,Reggie_Jackson
254,1628991,"Jackson Jr., Jaren",Jaren Jackson Jr.,1,2018,2018,jaren_jackson_jr,1610612763,Memphis,Grizzlies,MEM,grizzlies,Y,jarenjacksonjr
255,2544,"James, LeBron",LeBron James,1,2003,2018,lebron_james,1610612747,Los Angeles,Lakers,LAL,lakers,Y,KingJames
256,1628518,"Jefferson, Amile",Amile Jefferson,1,2017,2018,amile_jefferson,1610612753,Orlando,Magic,ORL,magic,Y,AmileJefferson
257,203098,"Jenkins, John",John Jenkins,1,2012,2018,john_jenkins,1610612752,New York,Knicks,NYK,knicks,Y,JohnnyCashVU23
258,201973,"Jerebko, Jonas",Jonas Jerebko,1,2009,2018,jonas_jerebko,1610612744,Golden State,Warriors,GSW,warriors,Y,JonasJerebko
259,1628993,"Johnson, Alize",Alize Johnson,1,2018,2018,alize_johnson,1610612754,Indiana,Pacers,IND,pacers,Y,AlizeJohnson
260,101161,"Johnson, Amir",Amir Johnson,1,2005,2018,amir_johnson,1610612755,Philadelphia,76ers,PHI,sixers,Y,IamAmirJohnson
261,1629168,"Johnson, BJ",BJ Johnson,1,2018,2018,bj_johnson,1610612737,Atlanta,Hawks,ATL,hawks,Y,Bean_J20
262,201949,"Johnson, James",James Johnson,1,2009,2018,james_johnson,1610612748,Miami,Heat,MIA,heat,Y,IamJJ16
263,1626169,"Johnson, Stanley",Stanley Johnson,1,2015,2018,stanley_johnson,1610612740,New Orleans,Pelicans,NOP,pelicans,Y,iAmSJ
264,204020,"Johnson, Tyler",Tyler Johnson,1,2014,2018,tyler_johnson,1610612756,Phoenix,Suns,PHX,suns,Y,RealTJohnson
265,202325,"Johnson, Wesley",Wesley Johnson,1,2010,2018,wesley_johnson,1610612764,Washington,Wizards,WAS,wizards,Y,wesleyjnews
266,203999,"Jokic, Nikola",Nikola Jokic,1,2015,2018,nikola_jokic,1610612743,Denver,Nuggets,DEN,nuggets,Y,ColinDeaverTV
267,1627745,"Jones, Damian",Damian Jones,1,2016,2018,damian_jones,1610612744,Golden State,Warriors,GSW,warriors,Y,dameology
268,1627883,"Jones, Jalen",Jalen Jones,0,2017,2018,jalen_jones,0,,,,,Y,JalenJones_21
269,203093,"Jones, Terrence",Terrence Jones,1,2012,2018,terrence_jones,1610612745,Houston,Rockets,HOU,rockets,Y,TerrenceJones1
270,1626145,"Jones, Tyus",Tyus Jones,1,2015,2018,tyus_jones,1610612750,Minnesota,Timberwolves,MIN,timberwolves,Y,1Tyus
271,1627884,"Jones Jr., Derrick",Derrick Jones Jr.,1,2016,2018,derrick_jones jr.,1610612748,Miami,Heat,MIA,heat,Y,TheRea1DJones
272,201599,"Jordan, DeAndre",DeAndre Jordan,1,2008,2018,deandre_jordan,1610612752,New York,Knicks,NYK,knicks,Y,DeAndre
273,202709,"Joseph, Cory",Cory Joseph,1,2011,2018,cory_joseph,1610612754,Indiana,Pacers,IND,pacers,Y,Cory_Joe
274,1626163,"Kaminsky, Frank",Frank Kaminsky,1,2015,2018,frank_kaminsky,1610612766,Charlotte,Hornets,CHA,hornets,Y,FSKPart3
275,202683,"Kanter, Enes",Enes Kanter,1,2011,2018,enes_kanter,1610612757,Portland,Trail Blazers,POR,blazers,Y,Enes_Kanter
276,1628379,"Kennard, Luke",Luke Kennard,1,2017,2018,luke_kennard,1610612765,Detroit,Pistons,DET,pistons,Y,LukeKennard5
277,203077,"Kidd-Gilchrist, Michael",Michael Kidd-Gilchrist,1,2012,2018,michael_kidd-gilchrist,1610612766,Charlotte,Hornets,CHA,hornets,Y,MKG14
278,1628994,"King, George",George King,1,2018,2018,george_king,1610612756,Phoenix,Suns,PHX,suns,Y,2bkings
279,1628467,"Kleber, Maxi",Maxi Kleber,1,2017,2018,maxi_kleber,1610612742,Dallas,Mavericks,DAL,mavericks,Y,MaxiKleber
280,202688,"Knight, Brandon",Brandon Knight,1,2011,2018,brandon_knight,1610612739,Cleveland,Cavaliers,CLE,cavaliers,Y,Goodknight11
281,1628995,"Knox, Kevin",Kevin Knox,1,2018,2018,kevin_knox,1610612752,New York,Knicks,NYK,knicks,Y,KevKnox
282,1627788,"Korkmaz, Furkan",Furkan Korkmaz,1,2017,2018,furkan_korkmaz,1610612755,Philadelphia,76ers,PHI,sixers,Y,FurkanKorkmaz
283,1628436,"Kornet, Luke",Luke Kornet,1,2017,2018,luke_kornet,1610612752,New York,Knicks,NYK,knicks,Y,bigshin32
284,2594,"Korver, Kyle",Kyle Korver,1,2003,2018,kyle_korver,1610612762,Utah,Jazz,UTA,jazz,Y,KyleKorver
285,201585,"Koufos, Kosta",Kosta Koufos,1,2008,2018,kosta_koufos,1610612758,Sacramento,Kings,SAC,kings,Y,kostakoufos
286,1629066,"Kurucs, Rodions",Rodions Kurucs,1,2018,2018,rodions_kurucs,1610612751,Brooklyn,Nets,BKN,nets,Y,RODIONS1
287,1628398,"Kuzma, Kyle",Kyle Kuzma,1,2017,2018,kyle_kuzma,1610612747,Los Angeles,Lakers,LAL,lakers,Y,kylekuzma
288,203897,"LaVine, Zach",Zach LaVine,1,2014,2018,zach_lavine,1610612741,Chicago,Bulls,CHI,bulls,Y,ZachLaVine
289,1627746,"Labissiere, Skal",Skal Labissiere,1,2016,2018,skal_labissiere,1610612757,Portland,Trail Blazers,POR,blazers,Y,OneBigHaitian
290,203087,"Lamb, Jeremy",Jeremy Lamb,1,2012,2018,jeremy_lamb,1610612766,Charlotte,Hornets,CHA,hornets,Y,jlamb
291,1627774,"Layman, Jake",Jake Layman,1,2016,2018,jake_layman,1610612757,Portland,Trail Blazers,POR,blazers,Y,JLayman10
292,1627747,"LeVert, Caris",Caris LeVert,1,2016,2018,caris_levert,1610612751,Brooklyn,Nets,BKN,nets,Y,CarisLeVert
293,1628388,"Leaf, TJ",TJ Leaf,1,2017,2018,tj_leaf,1610612754,Indiana,Pacers,IND,pacers,Y,leafsquad22
294,201584,"Lee, Courtney",Courtney Lee,1,2008,2018,courtney_lee,1610612742,Dallas,Mavericks,DAL,mavericks,Y,CourtneyLee5
295,1627814,"Lee, Damion",Damion Lee,1,2017,2018,damion_lee,1610612744,Golden State,Warriors,GSW,warriors,Y,Dami0nLee
296,203458,"Len, Alex",Alex Len,1,2013,2018,alex_len,1610612737,Atlanta,Hawks,ATL,hawks,Y,alexlen
297,202695,"Leonard, Kawhi",Kawhi Leonard,1,2011,2018,kawhi_leonard,1610612761,Toronto,Raptors,TOR,raptors,Y,kawhileonard
298,203086,"Leonard, Meyers",Meyers Leonard,1,2012,2018,meyers_leonard,1610612757,Portland,Trail Blazers,POR,blazers,Y,MeyersLeonard11
299,202720,"Leuer, Jon",Jon Leuer,1,2011,2018,jon_leuer,1610612765,Detroit,Pistons,DET,pistons,Y,JonLeuer30
300,203081,"Lillard, Damian",Damian Lillard,1,2012,2018,damian_lillard,1610612757,Portland,Trail Blazers,POR,blazers,Y,Dame_Lillard
301,202391,"Lin, Jeremy",Jeremy Lin,1,2010,2018,jeremy_lin,1610612761,Toronto,Raptors,TOR,raptors,Y,JLin7
302,2733,"Livingston, Shaun",Shaun Livingston,1,2004,2018,shaun_livingston,1610612744,Golden State,Warriors,GSW,warriors,Y,ShaunLivingston
303,1629155,"Lofton, Zach",Zach Lofton,0,2018,2018,zach_lofton,0,,,,,Y,ZachLofton
304,1626172,"Looney, Kevon",Kevon Looney,1,2015,2018,kevon_looney,1610612744,Golden State,Warriors,GSW,warriors,Y,Loon_Rebel5
305,201572,"Lopez, Brook",Brook Lopez,1,2008,2018,brook_lopez,1610612749,Milwaukee,Bucks,MIL,bucks,Y,JHutchinson0
306,201577,"Lopez, Robin",Robin Lopez,1,2008,2018,robin_lopez,1610612741,Chicago,Bulls,CHI,bulls,Y,rolopez42
307,201567,"Love, Kevin",Kevin Love,1,2008,2018,kevin_love,1610612739,Cleveland,Cavaliers,CLE,cavaliers,Y,kevinlove
308,200768,"Lowry, Kyle",Kyle Lowry,1,2006,2018,kyle_lowry,1610612761,Toronto,Raptors,TOR,raptors,Y,Klow7
309,1628070,"Loyd, Jordan",Jordan Loyd,1,2018,2018,jordan_loyd,1610612761,Toronto,Raptors,TOR,raptors,Y,mrjloyd
310,203564,"Lucas, Kalin",Kalin Lucas,1,2014,2018,kalin_lucas,1610612765,Detroit,Pistons,DET,pistons,Y,Kjay24k
311,1627789,"Luwawu-Cabarrot, Timothe",Timothe Luwawu-Cabarrot,1,2016,2018,timothe_luwawu-cabarrot,1610612741,Chicago,Bulls,CHI,bulls,Y,timcabs
312,1628399,"Lydon, Tyler",Tyler Lydon,1,2017,2018,tyler_lydon,1610612743,Denver,Nuggets,DEN,nuggets,Y,Tyler_Lydon14
313,1626168,"Lyles, Trey",Trey Lyles,1,2015,2018,trey_lyles,1610612743,Denver,Nuggets,DEN,nuggets,Y,TreyLyles
314,203159,"Machado, Scott",Scott Machado,1,2012,2018,scott_machado,1610612747,Los Angeles,Lakers,LAL,lakers,Y,_ScottMachado
315,202714,"Mack, Shelvin",Shelvin Mack,1,2011,2018,shelvin_mack,1610612766,Charlotte,Hornets,CHA,hornets,Y,ShelvinMack
316,1629133,"Macon, Daryl",Daryl Macon,1,2018,2018,daryl_macon,1610612742,Dallas,Mavericks,DAL,mavericks,Y,_dmacon4
317,1629122,"Macura, J.P.",J.P. Macura,1,2018,2018,jp_macura,1610612766,Charlotte,Hornets,CHA,hornets,Y,jpmacura
318,101133,"Mahinmi, Ian",Ian Mahinmi,1,2007,2018,ian_mahinmi,1610612764,Washington,Wizards,WAS,wizards,Y,ianmahinmi
319,1627748,"Maker, Thon",Thon Maker,1,2016,2018,thon_maker,1610612765,Detroit,Pistons,DET,pistons,Y,ThonMaker14
320,1626246,"Marjanovic, Boban",Boban Marjanovic,1,2015,2018,boban_marjanovic,1610612755,Philadelphia,76ers,PHI,sixers,Y,BobanMarjanovic
321,1628374,"Markkanen, Lauri",Lauri Markkanen,1,2017,2018,lauri_markkanen,1610612741,Chicago,Bulls,CHI,bulls,Y,MarkkanenLauri
322,1626185,"Martin, Jarell",Jarell Martin,1,2015,2018,jarell_martin,1610612753,Orlando,Magic,ORL,magic,Y,MartinJarell
323,1628412,"Mason, Frank",Frank Mason,1,2017,2018,frank_mason,1610612758,Sacramento,Kings,SAC,kings,Y,FrankMason0
324,1628999,"Maten, Yante",Yante Maten,1,2018,2018,yaten_maten,1610612748,Miami,Heat,MIA,heat,Y,YoungMoney__11
325,202083,"Matthews, Wesley",Wesley Matthews,1,2009,2018,wesley_matthews,1610612754,Indiana,Pacers,IND,pacers,Y,WessyWes23
326,201601,"Mbah a Moute, Luc",Luc Mbah a Moute,1,2008,2018,luc_mbah a moute,1610612746,LA,Clippers,LAC,clippers,Y,mbahamoute
327,1628769,"McCall, Tahjere",Tahjere McCall,0,2018,2018,tahjere_mccall,0,,,,,Y,215tahj
328,1627775,"McCaw, Patrick",Patrick McCaw,1,2016,2018,patrick_mccaw,1610612761,Toronto,Raptors,TOR,raptors,Y,PMcCaw0
329,203468,"McCollum, CJ",CJ McCollum,1,2013,2018,cj_mccollum,1610612757,Portland,Trail Blazers,POR,blazers,Y,CJMcCollum
330,204456,"McConnell, T.J.",T.J. McConnell,1,2015,2018,t.j._mcconnell,1610612755,Philadelphia,76ers,PHI,sixers,Y,TJMcConnell
331,203926,"McDermott, Doug",Doug McDermott,1,2014,2018,doug_mcdermott,1610612754,Indiana,Pacers,IND,pacers,Y,dougmcdermott
332,201580,"McGee, JaVale",JaVale McGee,1,2008,2018,javale_mcgee,1610612747,Los Angeles,Lakers,LAL,lakers,Y,JaValeMcGee
333,203585,"McGruder, Rodney",Rodney McGruder,1,2016,2018,rodney_mcgruder,1610612748,Miami,Heat,MIA,heat,Y,RodneyMcGruder
334,1628035,"McKinnie, Alfonzo",Alfonzo McKinnie,1,2017,2018,alfonzo_mckinnie,1610612744,Golden State,Warriors,GSW,warriors,Y,_Alvo_
335,203463,"McLemore, Ben",Ben McLemore,0,2013,2018,ben_mclemore,0,,,,,Y,BenMcLemore
336,203895,"McRae, Jordan",Jordan McRae,1,2015,2018,jordan_mcrae,1610612764,Washington,Wizards,WAS,wizards,Y,JordyMac52
337,201975,"Meeks, Jodie",Jodie Meeks,0,2009,2018,jodie_meeks,0,,,,,Y,Jmeeks20
338,1626257,"Mejri, Salah",Salah Mejri,1,2015,2018,salah_mejri,1610612742,Dallas,Mavericks,DAL,mavericks,Y,50Mejri
339,1629001,"Melton, De'Anthony",De'Anthony Melton,1,2018,2018,deanthony_melton,1610612756,Phoenix,Suns,PHX,suns,Y,DeAnthonyMelton
340,1629002,"Metu, Chimezie",Chimezie Metu,1,2018,2018,chimezie_metu,1610612759,San Antonio,Spurs,SAS,spurs,Y,Chimezie_Metu
341,203114,"Middleton, Khris",Khris Middleton,1,2012,2018,khris_middleton,1610612749,Milwaukee,Bucks,MIL,bucks,Y,Khris22m
342,101139,"Miles, CJ",CJ Miles,1,2005,2018,cj_miles,1610612763,Memphis,Grizzlies,MEM,grizzlies,Y,masfresco
343,203121,"Miller, Darius",Darius Miller,1,2012,2018,darius_miller,1610612740,New Orleans,Pelicans,NOP,pelicans,Y,DmillerKY
344,1626259,"Miller, Malcolm",Malcolm Miller,1,2017,2018,malcolm_miller,1610612761,Toronto,Raptors,TOR,raptors,Y,MalcMili13
345,201988,"Mills, Patty",Patty Mills,1,2009,2018,patty_mills,1610612759,San Antonio,Spurs,SAS,spurs,Y,Patty_Mills
346,200794,"Millsap, Paul",Paul Millsap,1,2006,2018,paul_millsap,1610612743,Denver,Nuggets,DEN,nuggets,Y,Paulmillsap4
347,1629003,"Milton, Shake",Shake Milton,1,2018,2018,shake_milton,1610612755,Philadelphia,76ers,PHI,sixers,Y,SniperShake
348,202703,"Mirotic, Nikola",Nikola Mirotic,1,2014,2018,nikola_mirotic,1610612749,Milwaukee,Bucks,MIL,bucks,Y,threekola
349,1628378,"Mitchell, Donovan",Donovan Mitchell,1,2017,2018,donovan_mitchell,1610612762,Utah,Jazz,UTA,jazz,Y,spidadmitchell
350,1628513,"Mitrou-Long, Naz",Naz Mitrou-Long,1,2017,2018,naz_mitrou-long,1610612762,Utah,Jazz,UTA,jazz,Y,NazzyJML
351,1628370,"Monk, Malik",Malik Monk,1,2017,2018,malik_monk,1610612766,Charlotte,Hornets,CHA,hornets,Y,AhmadMonk
352,202328,"Monroe, Greg",Greg Monroe,0,2010,2018,greg_monroe,0,,,,,Y,M10OSE
353,1628500,"Moore, Ben",Ben Moore,1,2017,2018,ben_moore,1610612759,San Antonio,Spurs,SAS,spurs,Y,JaminTheFiend
354,202734,"Moore, E'Twaun",E'Twaun Moore,1,2011,2018,e'twaun_moore,1610612740,New Orleans,Pelicans,NOP,pelicans,Y,ETwaun55
355,203961,"Moreland, Eric",Eric Moreland,1,2014,2018,eric_moreland,1610612761,Toronto,Raptors,TOR,raptors,Y,EricMoreland15
356,1628537,"Morris, Jaylen",Jaylen Morris,0,2017,2018,jaylen_morris,0,,,,,Y,jay_morris30
357,202694,"Morris, Marcus",Marcus Morris,1,2011,2018,marcus_morris,1610612738,Boston,Celtics,BOS,celtics,Y,MookMorris2
358,202693,"Morris, Markieff",Markieff Morris,1,2011,2018,markieff_morris,1610612760,Oklahoma City,Thunder,OKC,thunder,Y,Keefmorris
359,1628420,"Morris, Monte",Monte Morris,1,2017,2018,monte_morris,1610612743,Denver,Nuggets,DEN,nuggets,Y,MonteMorris11
360,1628405,"Motley, Johnathan",Johnathan Motley,1,2017,2018,johnathan_motley,1610612746,LA,Clippers,LAC,clippers,Y,Moneymot5
361,202389,"Mozgov, Timofey",Timofey Mozgov,1,2010,2018,timofey_mozgov,1610612753,Orlando,Magic,ORL,magic,Y,seattleslu
362,1626144,"Mudiay, Emmanuel",Emmanuel Mudiay,1,2015,2018,emmanuel_mudiay,1610612752,New York,Knicks,NYK,knicks,Y,emmanuelmudiay
363,1627749,"Murray, Dejounte",Dejounte Murray,1,2016,2018,dejounte_murray,1610612759,San Antonio,Spurs,SAS,spurs,Y,DejounteMurray
364,1627750,"Murray, Jamal",Jamal Murray,1,2016,2018,jamal_murray,1610612743,Denver,Nuggets,DEN,nuggets,Y,BeMore27
365,1629058,"Musa, Dzanan",Dzanan Musa,1,2018,2018,dzanan_musa,1610612751,Brooklyn,Nets,BKN,nets,Y,DzMusa
366,203488,"Muscala, Mike",Mike Muscala,1,2013,2018,mike_muscala,1610612747,Los Angeles,Lakers,LAL,lakers,Y,mikemuscala
367,1629004,"Mykhailiuk, Svi",Svi Mykhailiuk,1,2018,2018,sviatoslav_mykhailiuk,1610612765,Detroit,Pistons,DET,pistons,Y,Sviat_10
368,1627846,"Nader, Abdel",Abdel Nader,1,2017,2018,abdel_nader,1610612760,Oklahoma City,Thunder,OKC,thunder,Y,AbdelNader2
369,1626204,"Nance Jr., Larry",Larry Nance Jr.,1,2015,2018,larry_nance jr.,1610612739,Cleveland,Cavaliers,CLE,cavaliers,Y,Larrydn22
370,203894,"Napier, Shabazz",Shabazz Napier,1,2014,2018,shabazz_napier,1610612751,Brooklyn,Nets,BKN,nets,Y,ShabazzNapier
371,203526,"Neto, Raul",Raul Neto,1,2015,2018,raul_neto,1610612762,Utah,Jazz,UTA,jazz,Y,RaulTogni
372,1627777,"Niang, Georges",Georges Niang,1,2016,2018,georges_niang,1610612762,Utah,Jazz,UTA,jazz,Y,GeorgesNiang20
373,201149,"Noah, Joakim",Joakim Noah,1,2007,2018,joakim_noah,1610612763,Memphis,Grizzlies,MEM,grizzlies,Y,JoakimNoah
374,203457,"Noel, Nerlens",Nerlens Noel,1,2013,2018,nerlens_noel,1610612760,Oklahoma City,Thunder,OKC,thunder,Y,NerlensNoel3
375,1717,"Nowitzki, Dirk",Dirk Nowitzki,1,1998,2018,dirk_nowitzki,1610612742,Dallas,Mavericks,DAL,mavericks,Y,swish41
376,1628373,"Ntilikina, Frank",Frank Ntilikina,1,2017,2018,frank_ntilikina,1610612752,New York,Knicks,NYK,knicks,Y,FrankLikina
377,203263,"Nunnally, James",James Nunnally,0,2013,2018,james_nunnally,0,,,,,Y,AllorNunn21
378,203994,"Nurkic, Jusuf",Jusuf Nurkic,1,2014,2018,jusuf_nurkic,1610612757,Portland,Trail Blazers,POR,blazers,Y,bosnianbeast27
379,1628021,"Nwaba, David",David Nwaba,1,2016,2018,david_nwaba,1610612739,Cleveland,Cavaliers,CLE,cavaliers,Y,dnwaba0
380,1626220,"O'Neale, Royce",Royce O'Neale,1,2017,2018,royce_o'neale,1610612762,Utah,Jazz,UTA,jazz,Y,BucketsONeale00
381,203124,"O'Quinn, Kyle",Kyle O'Quinn,1,2012,2018,kyle_o'quinn,1610612754,Indiana,Pacers,IND,pacers,Y,Kyle_OQuinn
382,1628400,"Ojeleye, Semi",Semi Ojeleye,1,2017,2018,semi_ojeleye,1610612738,Boston,Celtics,BOS,celtics,Y,semi
383,1626143,"Okafor, Jahlil",Jahlil Okafor,1,2015,2018,jahlil_okafor,1610612740,New Orleans,Pelicans,NOP,pelicans,Y,JahlilOkafor
384,1629059,"Okobo, Elie",Elie Okobo,1,2018,2018,elie_okobo,1610612756,Phoenix,Suns,PHX,suns,Y,ElieOkobo_0
385,1629006,"Okogie, Josh",Josh Okogie,1,2018,2018,josh_okogie,1610612750,Minnesota,Timberwolves,MIN,timberwolves,Y,CallMe_NonStop
386,203506,"Oladipo, Victor",Victor Oladipo,1,2013,2018,victor_oladipo,1610612754,Indiana,Pacers,IND,pacers,Y,VicOladipo
387,203482,"Olynyk, Kelly",Kelly Olynyk,1,2013,2018,kelly_olynyk,1610612748,Miami,Heat,MIA,heat,Y,KellyOlynyk
388,1626224,"Osman, Cedi",Cedi Osman,1,2017,2018,cedi_osman,1610612739,Cleveland,Cavaliers,CLE,cavaliers,Y,cediosman
389,1626162,"Oubre Jr., Kelly",Kelly Oubre Jr.,1,2015,2018,kelly_oubre jr.,1610612756,Phoenix,Suns,PHX,suns,Y,KELLYOUBREJR
390,2585,"Pachulia, Zaza",Zaza Pachulia,1,2003,2018,zaza_pachulia,1610612765,Detroit,Pistons,DET,pistons,Y,zaza27
391,203953,"Parker, Jabari",Jabari Parker,1,2014,2018,jabari_parker,1610612764,Washington,Wizards,WAS,wizards,Y,JabariParker
392,2225,"Parker, Tony",Tony Parker,1,2001,2018,tony_parker,1610612766,Charlotte,Hornets,CHA,hornets,Y,tonyparker
393,202718,"Parsons, Chandler",Chandler Parsons,1,2011,2018,chandler_parsons,1610612763,Memphis,Grizzlies,MEM,grizzlies,Y,ChandlerParsons
394,202335,"Patterson, Patrick",Patrick Patterson,1,2010,2018,patrick_patterson,1610612760,Oklahoma City,Thunder,OKC,thunder,Y,pdpatt
395,1628383,"Patton, Justin",Justin Patton,1,2017,2018,justin_patton,1610612755,Philadelphia,76ers,PHI,sixers,Y,JustinPatton17
396,101108,"Paul, Chris",Chris Paul,1,2005,2018,chris_paul,1610612745,Houston,Rockets,HOU,rockets,Y,CP3
397,1626166,"Payne, Cameron",Cameron Payne,0,2015,2018,cameron_payne,0,,,,,Y,campayne
398,203901,"Payton, Elfrid",Elfrid Payton,1,2014,2018,elfrid_payton,1610612740,New Orleans,Pelicans,NOP,pelicans,Y,elfrid
399,1627780,"Payton II, Gary",Gary Payton II,0,2016,2018,gary_payton ii,0,,,,,Y,GaryPaytonJr20
400,1629033,"Pinson, Theo",Theo Pinson,1,2018,2018,theo_pinson,1610612751,Brooklyn,Nets,BKN,nets,Y,tpinsonn
401,203486,"Plumlee, Mason",Mason Plumlee,1,2013,2018,mason_plumlee,1610612743,Denver,Nuggets,DEN,nuggets,Y,masonplumlee
402,203101,"Plumlee, Miles",Miles Plumlee,1,2012,2018,miles_plumlee,1610612737,Atlanta,Hawks,ATL,hawks,Y,Miles_Plumlee21
403,1627751,"Poeltl, Jakob",Jakob Poeltl,1,2016,2018,jakob_poeltl,1610612759,San Antonio,Spurs,SAS,spurs,Y,JakobPoeltl
404,202347,"Pondexter, Quincy",Quincy Pondexter,1,2010,2018,quincy_pondexter,1610612759,San Antonio,Spurs,SAS,spurs,Y,QuincyPondexter
405,1629008,"Porter Jr., Michael",Michael Porter Jr.,1,2018,2018,michael_porter_jr,1610612743,Denver,Nuggets,DEN,nuggets,Y,MPJr
406,203490,"Porter Jr., Otto",Otto Porter Jr.,1,2013,2018,otto_porter jr.,1610612741,Chicago,Bulls,CHI,bulls,Y,BullsBlog
407,1626171,"Portis, Bobby",Bobby Portis,1,2015,2018,bobby_portis,1610612764,Washington,Wizards,WAS,wizards,Y,BPortistime
408,204001,"Porzingis, Kristaps",Kristaps Porzingis,1,2015,2018,kristaps_porzingis,1610612742,Dallas,Mavericks,DAL,mavericks,Y,kporzee
409,203939,"Powell, Dwight",Dwight Powell,1,2014,2018,dwight_powell,1610612742,Dallas,Mavericks,DAL,mavericks,Y,DwightPowell33
410,1626181,"Powell, Norman",Norman Powell,1,2015,2018,norman_powell,1610612761,Toronto,Raptors,TOR,raptors,Y,npowell2404
411,1627816,"Poythress, Alex",Alex Poythress,1,2016,2018,alex_poythress,1610612737,Atlanta,Hawks,ATL,hawks,Y,AlexTheGreat22
412,1627752,"Prince, Taurean",Taurean Prince,1,2016,2018,taurean_prince,1610612737,Atlanta,Hawks,ATL,hawks,Y,PrinceEliteAAU
413,1627753,Zhou Qi,Zhou Qi,0,2017,2018,zhou_qi,0,,,,,Y,officialzhouqi
414,1628397,"Rabb, Ivan",Ivan Rabb,1,2017,2018,ivan_rabb,1610612763,Memphis,Grizzlies,MEM,grizzlies,Y,YoungIvee
415,1626184,"Randle, Chasson",Chasson Randle,1,2016,2018,chasson_randle,1610612764,Washington,Wizards,WAS,wizards,Y,ChassonRandle
416,203944,"Randle, Julius",Julius Randle,1,2014,2018,julius_randle,1610612740,New Orleans,Pelicans,NOP,pelicans,Y,J30_RANDLE
417,200755,"Redick, JJ",JJ Redick,1,2006,2018,jj_redick,1610612755,Philadelphia,76ers,PHI,sixers,Y,RedickForThree
418,1628432,"Reed, Davon",Davon Reed,1,2017,2018,davon_reed,1610612754,Indiana,Pacers,IND,pacers,Y,ClutchREED_5
419,1629244,"Reynolds, Cameron",Cameron Reynolds,1,2018,2018,cameron_reynolds,1610612750,Minnesota,Timberwolves,MIN,timberwolves,Y,CamoCinco
420,1626196,"Richardson, Josh",Josh Richardson,1,2015,2018,josh_richardson,1610612748,Miami,Heat,MIA,heat,Y,J_Rich1
421,1627781,"Richardson, Malachi",Malachi Richardson,0,2016,2018,malachi_richardson,0,,,,,Y,4WardPurpose
422,203085,"Rivers, Austin",Austin Rivers,1,2012,2018,austin_rivers,1610612745,Houston,Rockets,HOU,rockets,Y,AustinRivers25
423,203460,"Roberson, Andre",Andre Roberson,1,2013,2018,andre_roberson,1610612760,Oklahoma City,Thunder,OKC,thunder,Y,FlyDre21
424,1628421,"Robinson, Devin",Devin Robinson,1,2017,2018,devin_robinson,1610612764,Washington,Wizards,WAS,wizards,Y,drob7nson
425,1629130,"Robinson, Duncan",Duncan Robinson,1,2018,2018,duncan_robinson,1610612748,Miami,Heat,MIA,heat,Y,D_Bo20
426,1629010,"Robinson, Jerome",Jerome Robinson,1,2018,2018,jerome_robinson,1610612746,LA,Clippers,LAC,clippers,Y,Rome_Coldbucks1
427,1629011,"Robinson, Mitchell",Mitchell Robinson,1,2018,2018,mitchell_robinson,1610612752,New York,Knicks,NYK,knicks,Y,23savage____
428,203922,"Robinson III, Glenn",Glenn Robinson III,1,2014,2018,glenn_robinson iii,1610612765,Detroit,Pistons,DET,pistons,Y,GRIII
429,200765,"Rondo, Rajon",Rajon Rondo,1,2006,2018,rajon_rondo,1610612747,Los Angeles,Lakers,LAL,lakers,Y,RajonRondo
430,201565,"Rose, Derrick",Derrick Rose,1,2008,2018,derrick_rose,1610612750,Minnesota,Timberwolves,MIN,timberwolves,Y,drose
431,203082,"Ross, Terrence",Terrence Ross,1,2012,2018,terrence_ross,1610612753,Orlando,Magic,ORL,magic,Y,TFlight31
432,1626179,"Rozier, Terry",Terry Rozier,1,2015,2018,terry_rozier,1610612738,Boston,Celtics,BOS,celtics,Y,T_Rozzay3
433,201937,"Rubio, Ricky",Ricky Rubio,1,2011,2018,ricky_rubio,1610612762,Utah,Jazz,UTA,jazz,Y,rickyrubio9
434,1626156,"Russell, D'Angelo",D'Angelo Russell,1,2015,2018,d'angelo_russell,1610612751,Brooklyn,Nets,BKN,nets,Y,Dloading
435,1627734,"Sabonis, Domantas",Domantas Sabonis,1,2016,2018,domantas_sabonis,1610612754,Indiana,Pacers,IND,pacers,Y,Dsabonis11
436,1629102,"Sampson, Brandon",Brandon Sampson,1,2018,2018,brandon_sampson,1610612741,Chicago,Bulls,CHI,bulls,Y,Vikingnation32
437,203967,"Saric, Dario",Dario Saric,1,2016,2018,dario_saric,1610612750,Minnesota,Timberwolves,MIN,timberwolves,Y,dariosaric
438,203107,"Satoransky, Tomas",Tomas Satoransky,1,2016,2018,tomas_satoransky,1610612764,Washington,Wizards,WAS,wizards,Y,satoransky
439,203471,"Schroder, Dennis",Dennis Schroder,1,2013,2018,dennis_schroder,1610612760,Oklahoma City,Thunder,OKC,thunder,Y,WSbrandun
440,203118,"Scott, Mike",Mike Scott,1,2012,2018,mike_scott,1610612755,Philadelphia,76ers,PHI,sixers,Y,mikescott
441,200757,"Sefolosha, Thabo",Thabo Sefolosha,1,2006,2018,thabo_sefolosha,1610612762,Utah,Jazz,UTA,jazz,Y,ThaboSefolosha
442,1627782,"Selden, Wayne",Wayne Selden,1,2016,2018,wayne_selden,1610612741,Chicago,Bulls,CHI,bulls,Y,WayneSeldenJr
443,1629012,"Sexton, Collin",Collin Sexton,1,2018,2018,collin_sexton,1610612739,Cleveland,Cavaliers,CLE,cavaliers,Y,CollinYoungBull
444,1629013,"Shamet, Landry",Landry Shamet,1,2018,2018,landry_shamet,1610612746,LA,Clippers,LAC,clippers,Y,landryshamet
445,202697,"Shumpert, Iman",Iman Shumpert,1,2011,2018,iman_shumpert,1610612745,Houston,Rockets,HOU,rockets,Y,imanshumpert
446,1627783,"Siakam, Pascal",Pascal Siakam,1,2016,2018,pascal_siakam,1610612761,Toronto,Raptors,TOR,raptors,Y,pskills43
447,1626296,"Sibert, Jordan",Jordan Sibert,0,2018,2018,jordan_sibert,0,,,,,Y,Smooth_Jordan
448,1627732,"Simmons, Ben",Ben Simmons,1,2016,2018,ben_simmons,1610612755,Philadelphia,76ers,PHI,sixers,Y,BenSimmons25
449,203613,"Simmons, Jonathon",Jonathon Simmons,1,2015,2018,jonathon_simmons,1610612755,Philadelphia,76ers,PHI,sixers,Y,ThaRealJsimms
450,1628424,"Simmons, Kobi",Kobi Simmons,0,2017,2018,kobi_simmons,0,,,,,Y,JordanKobi
451,1629014,"Simons, Anfernee",Anfernee Simons,1,2018,2018,anfernee_simons,1610612757,Portland,Trail Blazers,POR,blazers,Y,AnferneeSimons
452,203935,"Smart, Marcus",Marcus Smart,1,2014,2018,marcus_smart,1610612738,Boston,Celtics,BOS,celtics,Y,smart_MS3
453,202397,"Smith, Ish",Ish Smith,1,2010,2018,ish_smith,1610612765,Detroit,Pistons,DET,pistons,Y,IshSmith
454,2747,"Smith, JR",JR Smith,1,2004,2018,jr_smith,1610612739,Cleveland,Cavaliers,CLE,cavaliers,Y,TheRealJRSmith
455,201160,"Smith, Jason",Jason Smith,0,2007,2018,jason_smith,0,,,,,Y,JasonSmith014
456,1629015,"Smith, Zhaire",Zhaire Smith,1,2018,2018,zhaire_smith,1610612755,Philadelphia,76ers,PHI,sixers,N,zhaire_smith
457,1628372,"Smith Jr., Dennis",Dennis Smith Jr.,1,2017,2018,dennis_smith jr.,1610612752,New York,Knicks,NYK,knicks,Y,Dennis1SmithJr
458,203503,"Snell, Tony",Tony Snell,1,2013,2018,tony_snell,1610612749,Milwaukee,Bucks,MIL,bucks,Y,TonySnell21_
459,1629034,"Spalding, Ray",Ray Spalding,1,2018,2018,ray_spalding,1610612756,Phoenix,Suns,PHX,suns,Y,RaySpalding_4
460,1629016,"Spellman, Omari",Omari Spellman,1,2018,2018,omari_spellman,1610612737,Atlanta,Hawks,ATL,hawks,Y,OmariOfp
461,203917,"Stauskas, Nik",Nik Stauskas,1,2014,2018,nik_stauskas,1610612739,Cleveland,Cavaliers,CLE,cavaliers,Y,NStauskas11
462,203474,"Stephens, DJ",DJ Stephens,0,2013,2018,dj_stephens,0,,,,,Y,DdotJAY30
463,202362,"Stephenson, Lance",Lance Stephenson,1,2010,2018,lance_stephenson,1610612747,Los Angeles,Lakers,LAL,lakers,Y,StephensonLance
464,1628410,"Sumner, Edmond",Edmond Sumner,1,2017,2018,edmond_sumner,1610612754,Indiana,Pacers,IND,pacers,Y,EdmondSumner
465,1628403,"Swanigan, Caleb",Caleb Swanigan,1,2017,2018,caleb_swanigan,1610612758,Sacramento,Kings,SAC,kings,Y,calebswanigan50
466,1628369,"Tatum, Jayson",Jayson Tatum,1,2017,2018,jayson_tatum,1610612738,Boston,Celtics,BOS,celtics,Y,jaytatum0
467,201952,"Teague, Jeff",Jeff Teague,1,2009,2018,jeff_teague,1610612750,Minnesota,Timberwolves,MIN,timberwolves,Y,Teague0
468,202066,"Temple, Garrett",Garrett Temple,1,2009,2018,garrett_temple,1610612746,LA,Clippers,LAC,clippers,Y,GTemp17
469,1628462,"Teodosic, Milos",Milos Teodosic,0,2017,2018,milos_teodosic,0,,,,,Y,MilosTeodosic4
470,1629123,"Terrell, Jared",Jared Terrell,1,2018,2018,jared_terrell,1610612750,Minnesota,Timberwolves,MIN,timberwolves,Y,JaredTerrell32
471,1629150,"Terry, Emanuel",Emanuel Terry,0,2018,2018,emanuel_terry,0,,,,,Y,EmanuelTerry08
472,1628464,"Theis, Daniel",Daniel Theis,1,2017,2018,daniel_theis,1610612738,Boston,Celtics,BOS,celtics,Y,dtheis10
473,202738,"Thomas, Isaiah",Isaiah Thomas,1,2011,2018,isaiah_thomas,1610612743,Denver,Nuggets,DEN,nuggets,Y,isaiahthomas
474,1629017,"Thomas, Khyri",Khyri Thomas,1,2018,2018,khyri_thomas,1610612765,Detroit,Pistons,DET,pistons,Y,Khyri_2
475,202498,"Thomas, Lance",Lance Thomas,1,2011,2018,lance_thomas,1610612752,New York,Knicks,NYK,knicks,Y,MrLance42
476,202691,"Thompson, Klay",Klay Thompson,1,2011,2018,klay_thompson,1610612744,Golden State,Warriors,GSW,warriors,Y,KlayThompson
477,202684,"Thompson, Tristan",Tristan Thompson,1,2011,2018,tristan_thompson,1610612739,Cleveland,Cavaliers,CLE,cavaliers,Y,RealTristan13
478,1628414,"Thornwell, Sindarius",Sindarius Thornwell,1,2017,2018,sindarius_thornwell,1610612746,LA,Clippers,LAC,clippers,Y,Sin_City_803
479,201229,"Tolliver, Anthony",Anthony Tolliver,1,2008,2018,anthony_tolliver,1610612750,Minnesota,Timberwolves,MIN,timberwolves,Y,ATolliver44
480,1626157,"Towns, Karl-Anthony",Karl-Anthony Towns,1,2015,2018,karl-anthony_towns,1610612750,Minnesota,Timberwolves,MIN,timberwolves,Y,KarlTowns
481,1629018,"Trent Jr., Gary",Gary Trent Jr.,1,2018,2018,tmp_gary_trent,1610612757,Portland,Trail Blazers,POR,blazers,Y,gtrentjr
482,1629019,"Trier, Allonzo",Allonzo Trier,1,2018,2018,allonzo_trier,1610612752,New York,Knicks,NYK,knicks,Y,ISO_ZO
483,200782,"Tucker, PJ",PJ Tucker,1,2006,2018,pj_tucker,1610612745,Houston,Rockets,HOU,rockets,Y,aprilnicole82
484,202323,"Turner, Evan",Evan Turner,1,2010,2018,evan_turner,1610612757,Portland,Trail Blazers,POR,blazers,Y,thekidet
485,1626167,"Turner, Myles",Myles Turner,1,2015,2018,myles_turner,1610612754,Indiana,Pacers,IND,pacers,Y,Original_Turner
486,202327,"Udoh, Ekpe",Ekpe Udoh,1,2010,2018,ekpe_udoh,1610612762,Utah,Jazz,UTA,jazz,Y,EkpeUdoh
487,1627755,"Ulis, Tyler",Tyler Ulis,0,2016,2018,tyler_ulis,0,,,,,Y,tulis3
488,202685,"Valanciunas, Jonas",Jonas Valanciunas,1,2012,2018,jonas_valanciunas,1610612763,Memphis,Grizzlies,MEM,grizzlies,Y,JValanciunas
489,1627756,"Valentine, Denzel",Denzel Valentine,1,2016,2018,denzel_valentine,1610612741,Chicago,Bulls,CHI,bulls,Y,denzelvalentine
490,1627832,"VanVleet, Fred",Fred VanVleet,1,2016,2018,fred_vanvleet,1610612761,Toronto,Raptors,TOR,raptors,Y,FredVanVleet
491,1629020,"Vanderbilt, Jarred",Jarred Vanderbilt,1,2018,2018,jarred_vanderbilt,1610612743,Denver,Nuggets,DEN,nuggets,Y,JVando
492,203943,"Vonleh, Noah",Noah Vonleh,1,2014,2018,noah_vonleh,1610612752,New York,Knicks,NYK,knicks,Y,NoahVonleh
493,202696,"Vucevic, Nikola",Nikola Vucevic,1,2011,2018,nikola_vucevic,1610612753,Orlando,Magic,ORL,magic,Y,NikolaVucevic
494,2548,"Wade, Dwyane",Dwyane Wade,1,2003,2018,dwyane_wade,1610612748,Miami,Heat,MIA,heat,Y,DwyaneWade
495,1629021,"Wagner, Moritz",Moritz Wagner,1,2018,2018,moritz_wagner,1610612747,Los Angeles,Lakers,LAL,lakers,Y,moritz_weasley
496,203079,"Waiters, Dion",Dion Waiters,1,2012,2018,dion_waiters,1610612748,Miami,Heat,MIA,heat,Y,dionwaiters3
497,202689,"Walker, Kemba",Kemba Walker,1,2011,2018,kemba_walker,1610612766,Charlotte,Hornets,CHA,hornets,Y,KembaWalker
498,1629022,"Walker IV, Lonnie",Lonnie Walker IV,1,2018,2018,lonnie_walker,1610612759,San Antonio,Spurs,SAS,spurs,Y,lonniewalker_4
499,202322,"Wall, John",John Wall,1,2010,2018,john_wall,1610612764,Washington,Wizards,WAS,wizards,Y,JohnWall
500,1627820,"Wallace, Tyrone",Tyrone Wallace,1,2017,2018,tyrone_wallace,1610612746,LA,Clippers,LAC,clippers,Y,TyWallace661
501,202954,"Wanamaker, Brad",Brad Wanamaker,1,2018,2018,brad_wanamaker,1610612738,Boston,Celtics,BOS,celtics,Y,phillybul_22
502,203933,"Warren, T.J.",T.J. Warren,1,2014,2018,tj_warren,1610612756,Phoenix,Suns,PHX,suns,Y,TonyWarrenJr
503,1627395,"Washburn, Julian",Julian Washburn,1,2018,2018,julian_washburn,1610612763,Memphis,Grizzlies,MEM,grizzlies,Y,smoothlikeju
504,1629139,"Watanabe, Yuta",Yuta Watanabe,1,2018,2018,yuta_watanabe,1610612763,Memphis,Grizzlies,MEM,grizzlies,Y,wacchi1013
505,1629118,"Welsh, Thomas",Thomas Welsh,1,2018,2018,thomas_welsh,1610612743,Denver,Nuggets,DEN,nuggets,Y,NickTorfaenMP
506,201566,"Westbrook, Russell",Russell Westbrook,1,2008,2018,russell_westbrook,1610612760,Oklahoma City,Thunder,OKC,thunder,Y,russwest44
507,1628401,"White, Derrick",Derrick White,1,2017,2018,derrick_white,1610612759,San Antonio,Spurs,SAS,spurs,Y,Dwhite921
508,1627855,"White, Okaro",Okaro White,0,2016,2018,okaro_white,0,,,,,Y,owhite10
509,1627785,"Whitehead, Isaiah",Isaiah Whitehead,1,2016,2018,isaiah_whitehead,1610612765,Detroit,Pistons,DET,pistons,Y,isaiahwhitehead
510,202355,"Whiteside, Hassan",Hassan Whiteside,1,2010,2018,hassan_whiteside,1610612748,Miami,Heat,MIA,heat,Y,youngwhiteside
511,203952,"Wiggins, Andrew",Andrew Wiggins,1,2014,2018,andrew_wiggins,1610612750,Minnesota,Timberwolves,MIN,timberwolves,Y,22wiggins
512,1626210,"Williams, Alan",Alan Williams,1,2015,2018,alan_williams,1610612751,Brooklyn,Nets,BKN,nets,Y,MarcusWilliams
513,203710,"Williams, C.J.",C.J. Williams,1,2017,2018,c.j._williams,1610612750,Minnesota,Timberwolves,MIN,timberwolves,Y,inklingsdaily
514,1629140,"Williams, Johnathan",Johnathan Williams,1,2018,2018,johnathan_williams,1610612747,Los Angeles,Lakers,LAL,lakers,Y,Iam_J3
515,1629026,"Williams, Kenrich",Kenrich Williams,1,2018,2018,kenrich_williams,1610612740,New Orleans,Pelicans,NOP,pelicans,Y,williamskenrich
516,101150,"Williams, Lou",Lou Williams,1,2005,2018,lou_williams,1610612746,LA,Clippers,LAC,clippers,Y,TeamLou23
517,101107,"Williams, Marvin",Marvin Williams,1,2005,2018,marvin_williams,1610612766,Charlotte,Hornets,CHA,hornets,Y,_BraceYaself
518,1627786,"Williams, Troy",Troy Williams,1,2016,2018,troy_williams,1610612758,Sacramento,Kings,SAC,kings,Y,troywilliams_
519,1629057,"Williams III, Robert",Robert Williams III,1,2018,2018,robert_williams,1610612738,Boston,Celtics,BOS,celtics,Y,rob_williamsIII
520,1628391,"Wilson, D.J.",D.J. Wilson,1,2017,2018,d.j._wilson,1610612749,Milwaukee,Bucks,MIL,bucks,Y,Lanky_Smoove
521,1626159,"Winslow, Justise",Justise Winslow,1,2015,2018,justise_winslow,1610612748,Miami,Heat,MIA,heat,Y,IAmJustise
522,1626174,"Wood, Christian",Christian Wood,1,2015,2018,christian_wood,1610612740,New Orleans,Pelicans,NOP,pelicans,Y,Chriswood_5
523,1626153,"Wright, Delon",Delon Wright,1,2015,2018,delon_wright,1610612763,Memphis,Grizzlies,MEM,grizzlies,Y,delonwright
524,1627824,"Yabusele, Guerschon",Guerschon Yabusele,1,2017,2018,guerschon_yabusele,1610612738,Boston,Celtics,BOS,celtics,Y,YabuseleFans
525,201156,"Young, Nick",Nick Young,0,2007,2018,nick_young,0,,,,,Y,NickSwagyPYoung
526,201152,"Young, Thaddeus",Thaddeus Young,1,2007,2018,thaddeus_young,1610612754,Indiana,Pacers,IND,pacers,Y,yungsmoove21
527,1629027,"Young, Trae",Trae Young,1,2018,2018,trae_young,1610612737,Atlanta,Hawks,ATL,hawks,Y,TheTraeYoung
528,203469,"Zeller, Cody",Cody Zeller,1,2013,2018,cody_zeller,1610612766,Charlotte,Hornets,CHA,hornets,Y,CodyZeller
529,203092,"Zeller, Tyler",Tyler Zeller,0,2012,2018,tyler_zeller,0,,,,,Y,ZellerTyler
530,1627790,"Zizic, Ante",Ante Zizic,1,2017,2018,ante_zizic,1610612739,Cleveland,Cavaliers,CLE,cavaliers,Y,Ante__Zizic
531,1627826,"Zubac, Ivica",Ivica Zubac,1,2016,2018,ivica_zubac,1610612746,LA,Clippers,LAC,clippers,Y,ivicazubac
